-- phpMyAdmin SQL Dump
-- version 5.2.1
-- https://www.phpmyadmin.net/
--
-- Host: 127.0.0.1
-- Generation Time: Dec 27, 2024 at 04:39 PM
-- Server version: 10.4.32-MariaDB
-- PHP Version: 8.2.12

SET SQL_MODE = "NO_AUTO_VALUE_ON_ZERO";
START TRANSACTION;
SET time_zone = "+00:00";


/*!40101 SET @OLD_CHARACTER_SET_CLIENT=@@CHARACTER_SET_CLIENT */;
/*!40101 SET @OLD_CHARACTER_SET_RESULTS=@@CHARACTER_SET_RESULTS */;
/*!40101 SET @OLD_COLLATION_CONNECTION=@@COLLATION_CONNECTION */;
/*!40101 SET NAMES utf8mb4 */;

--
-- Database: `bk_poliklinik_2024`
--

-- --------------------------------------------------------

--
-- Table structure for table `daftar_poli`
--

CREATE TABLE `daftar_poli` (
  `id` int(11) NOT NULL,
  `id_pasien` int(11) NOT NULL,
  `id_jadwal` int(11) NOT NULL,
  `keluhan` text NOT NULL,
  `no_antrian` int(11) DEFAULT NULL,
  `status` enum('Sudah diperiksa','Belum diperiksa') DEFAULT NULL
) ENGINE=InnoDB DEFAULT CHARSET=utf8mb4 COLLATE=utf8mb4_general_ci;

--
-- Dumping data for table `daftar_poli`
--

INSERT INTO `daftar_poli` (`id`, `id_pasien`, `id_jadwal`, `keluhan`, `no_antrian`, `status`) VALUES
(16, 19, 19, 'sakit kepala', 1, 'Sudah diperiksa'),
(17, 20, 19, 'demam', 2, 'Sudah diperiksa');

-- --------------------------------------------------------

--
-- Table structure for table `detail_periksa`
--

CREATE TABLE `detail_periksa` (
  `id` int(11) NOT NULL,
  `id_periksa` int(11) NOT NULL,
  `id_obat` int(11) NOT NULL
) ENGINE=InnoDB DEFAULT CHARSET=utf8mb4 COLLATE=utf8mb4_general_ci;

--
-- Dumping data for table `detail_periksa`
--

INSERT INTO `detail_periksa` (`id`, `id_periksa`, `id_obat`) VALUES
(53, 21, 1),
(54, 21, 4),
(55, 22, 1),
(56, 22, 3),
(57, 22, 4);

-- --------------------------------------------------------

--
-- Table structure for table `dokter`
--

CREATE TABLE `dokter` (
  `id` int(11) NOT NULL,
  `nama` varchar(150) NOT NULL,
  `alamat` varchar(255) DEFAULT NULL,
  `no_hp` int(10) UNSIGNED NOT NULL,
  `id_poli` int(11) NOT NULL
) ENGINE=InnoDB DEFAULT CHARSET=utf8mb4 COLLATE=utf8mb4_general_ci;

--
-- Dumping data for table `dokter`
--

INSERT INTO `dokter` (`id`, `nama`, `alamat`, `no_hp`, `id_poli`) VALUES
(2, 'yoga', 'semarang', 98765, 2),
(10, 'zalia', 'semarangg', 1234, 1),
(11, 'cut', 'pml', 123456, 1),
(12, 'cholil', 'batang', 223344, 2);

-- --------------------------------------------------------

--
-- Table structure for table `jadwal_periksa`
--

CREATE TABLE `jadwal_periksa` (
  `id` int(11) NOT NULL,
  `id_dokter` int(11) NOT NULL,
  `hari` varchar(10) NOT NULL,
  `jam_mulai` time NOT NULL,
  `jam_selesai` time NOT NULL,
  `status` enum('Aktif','Tidak Aktif') DEFAULT 'Aktif'
) ENGINE=InnoDB DEFAULT CHARSET=utf8mb4 COLLATE=utf8mb4_general_ci;

--
-- Dumping data for table `jadwal_periksa`
--

INSERT INTO `jadwal_periksa` (`id`, `id_dokter`, `hari`, `jam_mulai`, `jam_selesai`, `status`) VALUES
(15, 2, 'Selasa', '11:11:00', '22:22:00', 'Tidak Aktif'),
(16, 2, 'Senin', '11:22:00', '11:33:00', 'Aktif'),
(17, 10, 'Kamis', '22:22:00', '23:33:00', 'Tidak Aktif'),
(18, 10, 'Jumat', '11:11:00', '13:44:00', 'Tidak Aktif'),
(19, 10, 'Selasa', '11:11:00', '12:33:00', 'Aktif'),
(20, 10, 'Selasa', '12:33:00', '14:44:00', 'Tidak Aktif'),
(21, 11, 'Sabtu', '12:33:00', '15:55:00', 'Aktif'),
(22, 10, 'Rabu', '10:00:00', '12:00:00', 'Tidak Aktif');

-- --------------------------------------------------------

--
-- Table structure for table `obat`
--

CREATE TABLE `obat` (
  `id` int(11) NOT NULL,
  `nama_obat` varchar(50) NOT NULL,
  `kemasan` varchar(35) DEFAULT NULL,
  `harga` int(10) UNSIGNED DEFAULT 0
) ENGINE=InnoDB DEFAULT CHARSET=utf8mb4 COLLATE=utf8mb4_general_ci;

--
-- Dumping data for table `obat`
--

INSERT INTO `obat` (`id`, `nama_obat`, `kemasan`, `harga`) VALUES
(1, 'intunal', 'saset', 200000),
(3, 'flu', 'botol', 10000),
(4, 'vitamin c', 'tablet', 2000),
(5, 'vitamin d', 'tablet', 10000);

-- --------------------------------------------------------

--
-- Table structure for table `pasien`
--

CREATE TABLE `pasien` (
  `id` int(11) NOT NULL,
  `nama` varchar(150) NOT NULL,
  `alamat` varchar(255) NOT NULL,
  `no_ktp` int(10) UNSIGNED NOT NULL,
  `no_hp` int(10) UNSIGNED NOT NULL,
  `no_rm` char(10) DEFAULT NULL
) ENGINE=InnoDB DEFAULT CHARSET=utf8mb4 COLLATE=utf8mb4_general_ci;

--
-- Dumping data for table `pasien`
--

INSERT INTO `pasien` (`id`, `nama`, `alamat`, `no_ktp`, `no_hp`, `no_rm`) VALUES
(15, 'Dylan', 'semarang', 8123377, 98887, '202412-1'),
(19, 'bowa', 'semarang', 1111, 12344, '202412-2'),
(20, 'adel', 'pemalang', 111112, 112233, '202412-3');

-- --------------------------------------------------------

--
-- Table structure for table `periksa`
--

CREATE TABLE `periksa` (
  `id` int(11) NOT NULL,
  `id_daftar_poli` int(11) NOT NULL,
  `tgl_periksa` date NOT NULL,
  `catatan` text NOT NULL,
  `biaya_periksa` int(11) DEFAULT NULL
) ENGINE=InnoDB DEFAULT CHARSET=utf8mb4 COLLATE=utf8mb4_general_ci;

--
-- Dumping data for table `periksa`
--

INSERT INTO `periksa` (`id`, `id_daftar_poli`, `tgl_periksa`, `catatan`, `biaya_periksa`) VALUES
(21, 16, '2024-12-27', 'tidur yang teratur', 352000),
(22, 17, '2024-12-27', 'makan tertaur', 362000);

-- --------------------------------------------------------

--
-- Table structure for table `poli`
--

CREATE TABLE `poli` (
  `id` int(11) NOT NULL,
  `nama_poli` varchar(25) NOT NULL,
  `keterangan` text DEFAULT NULL
) ENGINE=InnoDB DEFAULT CHARSET=utf8mb4 COLLATE=utf8mb4_general_ci;

--
-- Dumping data for table `poli`
--

INSERT INTO `poli` (`id`, `nama_poli`, `keterangan`) VALUES
(1, 'poli umum', 'dokter umum'),
(2, 'poli gigi', 'dokter gigi');

--
-- Indexes for dumped tables
--

--
-- Indexes for table `daftar_poli`
--
ALTER TABLE `daftar_poli`
  ADD PRIMARY KEY (`id`),
  ADD KEY `id_pasien` (`id_pasien`),
  ADD KEY `id_jadwal` (`id_jadwal`);

--
-- Indexes for table `detail_periksa`
--
ALTER TABLE `detail_periksa`
  ADD PRIMARY KEY (`id`),
  ADD KEY `id_periksa` (`id_periksa`),
  ADD KEY `id_obat` (`id_obat`);

--
-- Indexes for table `dokter`
--
ALTER TABLE `dokter`
  ADD PRIMARY KEY (`id`),
  ADD KEY `id_poli` (`id_poli`);

--
-- Indexes for table `jadwal_periksa`
--
ALTER TABLE `jadwal_periksa`
  ADD PRIMARY KEY (`id`),
  ADD KEY `id_dokter` (`id_dokter`);

--
-- Indexes for table `obat`
--
ALTER TABLE `obat`
  ADD PRIMARY KEY (`id`);

--
-- Indexes for table `pasien`
--
ALTER TABLE `pasien`
  ADD PRIMARY KEY (`id`);

--
-- Indexes for table `periksa`
--
ALTER TABLE `periksa`
  ADD PRIMARY KEY (`id`),
  ADD KEY `id_daftar_poli` (`id_daftar_poli`);

--
-- Indexes for table `poli`
--
ALTER TABLE `poli`
  ADD PRIMARY KEY (`id`);

--
-- AUTO_INCREMENT for dumped tables
--

--
-- AUTO_INCREMENT for table `daftar_poli`
--
ALTER TABLE `daftar_poli`
  MODIFY `id` int(11) NOT NULL AUTO_INCREMENT, AUTO_INCREMENT=18;

--
-- AUTO_INCREMENT for table `detail_periksa`
--
ALTER TABLE `detail_periksa`
  MODIFY `id` int(11) NOT NULL AUTO_INCREMENT, AUTO_INCREMENT=58;

--
-- AUTO_INCREMENT for table `dokter`
--
ALTER TABLE `dokter`
  MODIFY `id` int(11) NOT NULL AUTO_INCREMENT, AUTO_INCREMENT=13;

--
-- AUTO_INCREMENT for table `jadwal_periksa`
--
ALTER TABLE `jadwal_periksa`
  MODIFY `id` int(11) NOT NULL AUTO_INCREMENT, AUTO_INCREMENT=23;

--
-- AUTO_INCREMENT for table `obat`
--
ALTER TABLE `obat`
  MODIFY `id` int(11) NOT NULL AUTO_INCREMENT, AUTO_INCREMENT=6;

--
-- AUTO_INCREMENT for table `pasien`
--
ALTER TABLE `pasien`
  MODIFY `id` int(11) NOT NULL AUTO_INCREMENT, AUTO_INCREMENT=21;

--
-- AUTO_INCREMENT for table `periksa`
--
ALTER TABLE `periksa`
  MODIFY `id` int(11) NOT NULL AUTO_INCREMENT, AUTO_INCREMENT=23;

--
-- AUTO_INCREMENT for table `poli`
--
ALTER TABLE `poli`
  MODIFY `id` int(11) NOT NULL AUTO_INCREMENT, AUTO_INCREMENT=9;

--
-- Constraints for dumped tables
--

--
-- Constraints for table `daftar_poli`
--
ALTER TABLE `daftar_poli`
  ADD CONSTRAINT `daftar_poli_ibfk_1` FOREIGN KEY (`id_pasien`) REFERENCES `pasien` (`id`),
  ADD CONSTRAINT `daftar_poli_ibfk_2` FOREIGN KEY (`id_jadwal`) REFERENCES `jadwal_periksa` (`id`);

--
-- Constraints for table `detail_periksa`
--
ALTER TABLE `detail_periksa`
  ADD CONSTRAINT `detail_periksa_ibfk_1` FOREIGN KEY (`id_periksa`) REFERENCES `periksa` (`id`),
  ADD CONSTRAINT `detail_periksa_ibfk_2` FOREIGN KEY (`id_obat`) REFERENCES `obat` (`id`);

--
-- Constraints for table `dokter`
--
ALTER TABLE `dokter`
  ADD CONSTRAINT `dokter_ibfk_1` FOREIGN KEY (`id_poli`) REFERENCES `poli` (`id`);

--
-- Constraints for table `jadwal_periksa`
--
ALTER TABLE `jadwal_periksa`
  ADD CONSTRAINT `jadwal_periksa_ibfk_1` FOREIGN KEY (`id_dokter`) REFERENCES `dokter` (`id`);

--
-- Constraints for table `periksa`
--
ALTER TABLE `periksa`
  ADD CONSTRAINT `periksa_ibfk_1` FOREIGN KEY (`id_daftar_poli`) REFERENCES `daftar_poli` (`id`);
COMMIT;

/*!40101 SET CHARACTER_SET_CLIENT=@OLD_CHARACTER_SET_CLIENT */;
/*!40101 SET CHARACTER_SET_RESULTS=@OLD_CHARACTER_SET_RESULTS */;
/*!40101 SET COLLATION_CONNECTION=@OLD_COLLATION_CONNECTION */;
